epoch,train_loss,val_loss
1,1.6956477,1.2022479
2,1.6851099,1.1963373
3,1.6758468,1.190606
