epoch,train_loss,val_loss
1,0.8901469,
2,0.8902505,
3,0.8903491,
