epoch,train_loss,val_loss
1,0.8901202,
2,0.8901311,
3,0.8901456,
4,0.89018893,
5,0.89021087,
6,0.8902994,
